{
    "version": 1.0,
    "formatters": {
        "simple": {
        "format": "%(asctime)s - %(name)s - %(levelname)s - %(message)s"
        }
    },
    
    "handlers": {
        "console": {
            "class": "logging.StreamHandler",
            "level": "INFO",
            "formatter": "simple",
            "stream": "ext://sys.stdout"
            },
        
        "info_file_handler": {
            "class": "logging.FileHandler",
            "level": "DEBUG",
            "formatter": "simple",
            "filename": "./logs/server.log"
        }
    },
    
    "root": {
        "level": "DEBUG",
        "handlers": ["console", "info_file_handler"]
    }
}